TV,Radio,Newspaper
230.1,37.8,69.2
44.5,39.3,45.1
17.2,45.9,69.3
151.5,41.3,58.5
180.8,10.8,58.4
8.7,48.9,75.0
57.5,32.8,23.5
120.2,19.6,11.6
8.6,2.1,1.0
199.8,2.6,21.2
66.1,5.8,24.2
214.7,24.0,4.0
23.8,35.1,65.9
97.5,7.6,7.2
204.1,32.9,46.0
195.4,47.7,52.9
67.8,36.6,114.0
281.4,39.6,55.8
69.2,20.5,18.3
147.3,23.9,19.1
218.4,27.7,53.4
237.4,5.1,23.5
13.2,15.9,49.6
228.3,16.9,26.2
62.3,12.6,18.3
262.9,3.5,19.5
142.9,29.3,12.6
240.1,16.7,22.9
248.8,27.1,22.9
70.6,16.0,40.8
292.9,28.3,43.2
112.9,17.4,38.6
97.2,1.5,30.0
265.6,20.0,0.3
95.7,1.4,7.4
290.7,4.1,8.5
266.9,43.8,5.0
74.7,49.4,45.7
43.1,26.7,35.1
228.0,37.7,32.0
202.5,22.3,31.6
177.0,33.4,38.7
293.6,27.7,1.8
206.9,8.4,26.4
25.1,25.7,43.3
175.1,22.5,31.5
89.7,9.9,35.7
239.9,41.5,18.5
227.2,15.8,49.9
66.9,11.7,36.8
199.8,3.1,34.6
100.4,9.6,3.6
216.4,41.7,39.6
182.6,46.2,58.7
262.7,28.8,15.9
198.9,49.4,60.0
7.3,28.1,41.4
136.2,19.2,16.6
210.8,49.6,37.7
210.7,29.5,9.3
53.5,2.0,21.4
261.3,42.7,54.7
239.3,15.5,27.3
102.7,29.6,8.4
131.1,42.8,28.9
69.0,9.3,0.9
31.5,24.6,2.2
139.3,14.5,10.2
237.4,27.5,11.0
216.8,43.9,27.2
199.1,30.6,38.7
109.8,14.3,31.7
26.8,33.0,19.3
129.4,5.7,31.3
213.4,24.6,13.1
16.9,43.7,89.4
27.5,1.6,20.7
120.5,28.5,14.2
5.4,29.9,9.4
116.0,7.7,23.1
76.4,26.7,22.3
239.8,4.1,36.9
75.3,20.3,32.5
68.4,44.5,35.6
213.5,43.0,33.8
193.2,18.4,65.7
76.3,27.5,16.0
110.7,40.6,63.2
88.3,25.5,73.4
109.8,47.8,51.4
134.3,4.9,9.3
28.6,1.5,33.0
217.7,33.5,59.0
250.9,36.5,72.3
107.4,14.0,10.9
163.3,31.6,52.9
197.6,3.5,5.9
184.9,21.0,22.0
289.7,42.3,51.2
135.2,41.7,45.9
222.4,4.3,49.8
296.4,36.3,100.9
280.2,10.1,21.4
187.9,17.2,17.9
238.2,34.3,5.3
137.9,46.4,59.0
25.0,11.0,29.7
90.4,0.3,23.2
13.1,0.4,25.6
255.4,26.9,5.5
225.8,8.2,56.5
241.7,38.0,23.2
175.7,15.4,2.4
209.6,20.6,10.7
78.2,46.8,34.5
75.1,35.0,52.7
139.2,14.3,25.6
76.4,0.8,14.8
125.7,36.9,79.2
19.4,16.0,22.3
141.3,26.8,46.2
18.8,21.7,50.4
224.0,2.4,15.6
123.1,34.6,12.4
229.5,32.3,74.2
87.2,11.8,25.9
7.8,38.9,50.6
80.2,0.0,9.2
220.3,49.0,3.2
59.6,12.0,43.1
0.7,39.6,8.7
265.2,2.9,43.0
8.4,27.2,2.1
219.8,33.5,45.1
36.9,38.6,65.6
48.3,47.0,8.5
25.6,39.0,9.3
273.7,28.9,59.7
43.0,25.9,20.5
184.9,43.9,1.7
73.4,17.0,12.9
193.7,35.4,75.6
220.5,33.2,37.9
104.6,5.7,34.4
96.2,14.8,38.9
140.3,1.9,9.0
240.1,7.3,8.7
243.2,49.0,44.3
38.0,40.3,11.9
44.7,25.8,20.6
280.7,13.9,37.0
121.0,8.4,48.7
197.6,23.3,14.2
171.3,39.7,37.7
187.8,21.1,9.5
4.1,11.6,5.7
93.9,43.5,50.5
149.8,1.3,24.3
11.7,36.9,45.2
131.7,18.4,34.6
172.5,18.1,30.7
85.7,35.8,49.3
188.4,18.1,25.6
163.5,36.8,7.4
117.2,14.7,5.4
234.5,3.4,84.8
17.9,37.6,21.6
206.8,5.2,19.4
215.4,23.6,57.6
284.3,10.6,6.4
50.0,11.6,18.4
164.5,20.9,47.4
19.6,20.1,17.0
168.4,7.1,12.8
222.4,3.4,13.1
276.9,48.9,41.8
248.4,30.2,20.3
170.2,7.8,35.2
276.7,2.3,23.7
165.6,10.0,17.6
156.6,2.6,8.3
218.5,5.4,27.4
56.2,5.7,29.7
287.6,43.0,71.8
253.8,21.3,30.0
205.0,45.1,19.6
139.5,2.1,26.6
191.1,28.7,18.2
286.0,13.9,3.7
18.7,12.1,23.4
39.5,41.1,5.8
75.5,10.8,6.0
17.2,4.1,31.6
166.8,42.0,3.6
149.7,35.6,6.0
38.2,3.7,13.8
94.2,4.9,8.1
177.0,9.3,6.4
283.6,42.0,66.2
232.1,8.6,8.7
